nprocs,pbs_job_id,degree,dofs_per_core,mesh_gen_time_s,apply0,apply1,apply2,apply3,apply4,apply5
256,552301.pbs-6,3,202754.640625,399.35640392,0.062187755,0.062080447,0.066179638,0.063082831,0.060471565,0.112831018
