nprocs,degree,dofs_per_core,mesh_gen_time_s,run0,run1,run2,run3
1,1,1009040.5,129.501864164,10.949723214,6.70982688,6.886285513,7.035003772
