nprocs,degree,dofs_per_core,mesh_gen_time_s,run0,run1,run2,run3
1,,1000000.0,7.001999836,2.885653695,0.612365208,0.605419329,0.605923333
2,,1003204.0,9.282079249,2.883175622,0.634017958,0.632860424,0.642326451
4,,1004594.5,10.932227603,3.035583855,0.659497115,0.669997988,0.662220722
8,,1006378.375,14.97054073,3.275079474,0.652554753,0.656864966,0.658247939
16,,1008142.0,21.623197745,4.088135471,0.714143432,0.702115242,0.701095511
32,,1008506.96875,38.515446566,4.71115332,0.90962906,0.903610496,0.900104748
64,,1009283.171875,84.459581701,7.068412878,1.121835649,1.10785232,1.105508242
128,,1009951.4921875,173.651899792,7.050973575,1.149407287,1.126989581,1.13569009
256,,1009972.48046875,349.343773403,7.24355719,1.159766015,1.15901563,1.331817026
