nprocs,degree,dofs_per_core,mesh_gen_time_s,run0,run1,run2,run3
1,,10000.0,1.229352229,0.544718248,0.006760839,0.006327654,0.006482813
2,,10151.0,0.886833697,0.258687094,0.008324827,0.00830014,0.007734428
4,,10298.5,1.010045271,0.241036801,0.008786315,0.00816899,0.008215986
8,,10336.5,1.300795449,0.239817248,0.008995428,0.008622029,0.008584179
16,,10444.625,1.896437405,0.445603775,0.009057041,0.008737649,0.008666334
32,,10495.375,3.679465287,0.355710313,0.011847074,0.011170096,0.01139623
64,,10532.203125,7.474750959,0.545765393,0.014193938,0.013350264,0.012882718
128,,10541.8671875,57.85027658,0.594106607,0.019418301,0.01885193,0.020011839
256,,10557.73046875,40.078831867,0.874777754,0.017910352,0.028070775,0.017518097
