nprocs,degree,dofs_per_core,mesh_gen_time_s,run0,run1,run2,run3
1,,10000.0,0.321561031,0.309414814,0.007548259,0.006814714,0.006878444
2,,10004.5,0.142953932,0.273882065,0.008310121,0.007937884,0.007867687
4,,10393.75,0.162166017,0.238683794,0.008581919,0.008704281,0.008460877
8,,10492.375,0.198432442,0.240636824,0.008980041,0.009166273,0.010496211
16,,10752.8125,0.276508983,0.246423532,0.009676736,0.009703271,0.009313503
32,,10866.15625,0.591646952,0.290306886,0.0111496,0.01232449,0.01112648
64,,10897.796875,1.645024655,0.448499965,0.015536041,0.019222897,0.014895766
128,,10915.7109375,25.376655398,1.281115805,0.020746975,0.018327337,0.015662017
256,,11017.40625,7.013163537,0.607651378,0.022847135,0.021045626,0.024507163
