nprocs,degree,dofs_per_core,mesh_gen_time_s,run0,run1,run2,run3
1,,1000000.0,64.244064778,2.613606399,0.551951692,0.551546674,0.551756992
2,,1001837.5,85.640133862,2.373880368,0.666490937,0.66919772,0.667017299
4,,1002985.75,102.892999512,2.835660506,0.668959178,0.670866419,0.67315015
8,,1004012.625,139.052384097,3.381414667,0.683033889,0.678039204,0.681641089
16,,1004513.625,211.819109409,3.306497341,0.814701736,0.778893012,0.694044915
32,,1005103.78125,409.192199209,3.724054116,0.924393302,0.923925158,0.897513982
