nprocs,degree,dofs_per_core,mesh_gen_time_s,run0,run1,run2,run3
1,,99856.0,0.764291205,0.52948038,0.060547871,0.061294808,0.062076278
2,,100118.5,0.936900958,0.45789724,0.065806475,0.065652265,0.065133889
4,,101104.75,1.121886609,0.502979019,0.067908633,0.068393355,0.068137819
8,,101672.125,1.48596836,0.482101378,0.069176113,0.068940795,0.069140144
16,,102229.375,2.089079423,0.510221667,0.071931234,0.071987453,0.072391352
32,,102351.71875,3.762177684,0.609344301,0.095551399,0.092458866,0.092824596
64,,102645.578125,8.501154946,0.82098248,0.107443725,0.114353576,0.116473162
128,,102913.5625,40.618086955,1.855209787,0.126882015,0.120445667,0.119794729
256,,103056.546875,35.833034619,0.973505467,0.121925827,0.12405389,0.123255011
