nprocs,degree,dofs_per_core,mesh_gen_time_s,run0,run1,run2,run3
1,,99856.0,6.298028582,0.4485077,0.055941073,0.056158657,0.056383458
2,,100575.0,8.312637144,0.436206776,0.068153802,0.069616355,0.068895902
4,,100836.5,9.729225695,0.398950015,0.069123465,0.069504569,0.070067337
8,,101184.625,13.003679043,0.501199104,0.070810861,0.071096923,0.072853696
16,,101330.25,18.897868729,0.454545234,0.077156072,0.076950759,0.076668787
32,,101564.90625,37.211933325,0.650414284,0.096261532,0.086804207,0.086293996
64,,101585.578125,75.962344794,1.487639443,0.10714848,0.10476424,0.105653599
128,,101732.0,154.927210689,1.536643282,0.13268979,0.116657938,0.118904752
256,,101840.75390625,310.398932912,1.29838984,0.171198197,0.124014908,0.128356683
