nprocs,time_s
1,2.382696728
2,0.882951829
4,0.79139538725
8,0.8022246615
16,0.8578150000625
32,0.96976657240625
64,1.448843914796875
128,4.216617130867188
256,15.02841362771875
