nprocs,pbs_job_id,degree,dofs_per_core,mesh_gen_time_s,apply0,apply1,apply2,apply3,apply4,apply5
512,556434.pbs-6,3,201512.4453125,1009.380217702,0.065189913,0.084278719,0.036042631,0.031504868,0.041810154,0.03413994
1024,556435.pbs-6,3,202627.609375,3085.351963995,0.041262016,0.044423212,0.078468376,0.054413537,0.031762132,0.138915518
