nprocs,pbs_job_id,degree,dofs_per_core,total_dofs,mesh_gen_time_s,run0,run1,run2,run3
512,556445.pbs-6,3,19549.4697265625,10000000,80.285513207,2.6735726,0.239305649,0.22361213,0.223605029
