nprocs,pbs_job_id,degree,dofs_per_core,mesh_gen_time_s,run0,run1,run2,run3
1,552349.pbs-6,3,211046.5,7.423507707,3.844970393,2.613617977,2.573994186,2.559550386
2,552349.pbs-6,3,206998.25,8.68285418,3.887258712,2.987495659,2.99101236,2.988087415
4,552349.pbs-6,3,198019.375,9.918237341,3.991961491,3.055814401,3.063794113,3.065863556
8,552349.pbs-6,3,197744.1875,12.580521937,4.034462859,3.132327742,3.141438757,3.135501791
16,552349.pbs-6,3,196575.53125,18.208108013,4.284468823,3.639930417,3.368647906,3.377108313
32,552349.pbs-6,3,199511.046875,35.978470203,5.54920325,4.446069662,4.450163236,4.429509719
