nprocs,pbs_job_id,degree,dofs_per_core,mesh_gen_time_s,run0,run1,run2,run3
1,552478.pbs-6,1,200245.5,180.422207917,4.400382252,2.148583572,2.228754554,2.15293459
2,552478.pbs-6,1,198560.25,224.340676889,4.338833553,2.337695328,2.324294078,2.353597192
4,552478.pbs-6,1,197880.625,262.245730681,4.58379339,2.479187992,2.518164694,2.478009069
8,552478.pbs-6,1,200245.5,348.849284881,4.988300894,2.718325946,2.6744548,2.648993011
16,552478.pbs-6,1,202639.75,516.577364151,5.360577905,2.994732485,2.994672187,2.977110462
32,552478.pbs-6,1,201106.6875,951.308027829,6.583025597,3.738261529,3.726944058,3.696339009
64,552478.pbs-6,1,201512.4453125,2315.621498811,8.902348681,4.935355235,4.588463173,4.599562108
