nprocs,degree,dofs_per_core,mesh_gen_time_s,apply0,apply1,apply2,apply3
512,3,1013277.8427734375,4458.648162296,0.166799982,0.139458293,0.140325797,0.139677592
