nprocs,degree,dofs_per_core,mesh_gen_time_s,apply0,apply1,apply2,apply3
512,3,1013277.8427734375,4452.305299748,0.26050576,0.271396237,0.274918812,0.280533032
