nprocs,degree,dofs_per_core,mesh_gen_time_s,apply0,apply1,apply2,apply3
512,3,101377.3203125,466.190339665,0.015071495,0.01386926,0.017995537,0.017499427
